env/path/root,env/path/name,env/path/client,env/path/param_csv,model/model,model/conv_type,model/pool_type,model/eblock,model/elayer,model/dblock,model/depth,model/width,model/width_scaling,model/kernel_size,model/strides,model/bneck,model/branches,model/order,model/norm,model/activ,model/attn_msk,model/embed,model/log_loss,model/gamma,model/loss_weights/ctr,model/loss_weights/euc,model/loss_weights/ned,model/loss_weights/cls_anc,model/loss_weights/cls_unk,model/num_params,train/xs/dat,train/ys/lbl/head,train/ys/lbl/n_classes,train/ys/lbl/loss,train/ys/lbl/metric,train/trainer/seed,train/trainer/n_folds,train/trainer/batch_size,train/trainer/iters,train/trainer/steps,train/trainer/valid_freq,train/trainer/lr,train/trainer/lr_alpha,train/trainer/lr_decay,train/trainer/contrastive_scale,train/trainer/callbacks,train/trainer/log_dir,train/trainer/train_time,history/fold/0/epoch,history/fold/0/loss,history/fold/0/cls_anc_loss,history/fold/0/cls_unk_loss,history/fold/0/ctr_loss,history/fold/0/euc_loss,history/fold/0/ned_loss,history/fold/0/cls_anc_binary_accuracy,history/fold/0/cls_unk_binary_accuracy,history/fold/0/val_loss,history/fold/0/val_cls_anc_loss,history/fold/0/val_cls_unk_loss,history/fold/0/val_ctr_loss,history/fold/0/val_euc_loss,history/fold/0/val_ned_loss,history/fold/0/val_cls_anc_binary_accuracy,history/fold/0/val_cls_unk_binary_accuracy,history/fold/0/lr,history/fold/avg/best/epoch,history/fold/avg/best/loss,history/fold/avg/best/cls_anc_loss,history/fold/avg/best/cls_unk_loss,history/fold/avg/best/ctr_loss,history/fold/avg/best/euc_loss,history/fold/avg/best/ned_loss,history/fold/avg/best/cls_anc_binary_accuracy,history/fold/avg/best/cls_unk_binary_accuracy,history/fold/avg/best/val_loss,history/fold/avg/best/val_cls_anc_loss,history/fold/avg/best/val_cls_unk_loss,history/fold/avg/best/val_ctr_loss,history/fold/avg/best/val_euc_loss,history/fold/avg/best/val_ned_loss,history/fold/avg/best/val_cls_anc_binary_accuracy,history/fold/avg/best/val_cls_unk_binary_accuracy,history/fold/avg/best/lr,train_eval/fold/0/loss,train_eval/fold/0/cls_anc_loss,train_eval/fold/0/cls_unk_loss,train_eval/fold/0/ctr_loss,train_eval/fold/0/euc_loss,train_eval/fold/0/ned_loss,train_eval/fold/0/cls_anc_binary_accuracy,train_eval/fold/0/cls_unk_binary_accuracy,train_eval/fold/avg/last/loss,train_eval/fold/avg/last/cls_anc_loss,train_eval/fold/avg/last/cls_unk_loss,train_eval/fold/avg/last/ctr_loss,train_eval/fold/avg/last/euc_loss,train_eval/fold/avg/last/ned_loss,train_eval/fold/avg/last/cls_anc_binary_accuracy,train_eval/fold/avg/last/cls_unk_binary_accuracy,valid_eval/fold/0/loss,valid_eval/fold/0/cls_anc_loss,valid_eval/fold/0/cls_unk_loss,valid_eval/fold/0/ctr_loss,valid_eval/fold/0/euc_loss,valid_eval/fold/0/ned_loss,valid_eval/fold/0/cls_anc_binary_accuracy,valid_eval/fold/0/cls_unk_binary_accuracy,valid_eval/fold/avg/last/loss,valid_eval/fold/avg/last/cls_anc_loss,valid_eval/fold/avg/last/cls_unk_loss,valid_eval/fold/avg/last/ctr_loss,valid_eval/fold/avg/last/euc_loss,valid_eval/fold/avg/last/ned_loss,valid_eval/fold/avg/last/cls_anc_binary_accuracy,valid_eval/fold/avg/last/cls_unk_binary_accuracy
exp,adni,/home/mmorelan/proj/brain/dementia/yml/orig/client-3d-raw.yml,/home/brandon/projects/dementia/exp/adni/csvs/2021-12-29_12-32-16_PST_hyper.csv,ae,conv,conv,aspp,1,conv,6,4,1.5,"[3, 3, 3]","[2, 2, 2]",2,4,rnc,bnorm,leaky,softmax,32,False,3,1,0,0,1,1,"186,305",,encoder_classifier,1,sce,dice,0,1,9,2000,100,1,0.0001,0.25,0.97,5,"['checkpoint', 'lr_scheduler', 'tensorboard', 'hparams']",/home/brandon/projects/dementia/exp/adni/logs/2021-12-29_12-32-16_PST/10,0 days 01:00:21,17,1.119551658630371,0.45148685574531555,0.14056514203548431,0.5274999737739563,11586.794921875,541.2351684570312,0.9900000095367432,0.9800000190734863,1.2232041358947754,0.29676353931427,0.433941125869751,0.4924999475479126,53580.7890625,385.11077880859375,0.8899999856948853,0.8387500047683716,8.079828694462776e-05,17.0,1.119551658630371,0.45148685574531555,0.14056514203548431,0.5274999737739563,11586.794921875,541.2351684570312,0.9900000095367432,0.9800000190734863,1.2232041358947754,0.29676353931427,0.433941125869751,0.4924999475479126,53580.7890625,385.11077880859375,0.8899999856948853,0.8387500047683716,8.079828694462776e-05,0.12144351750612259,0.060721758753061295,0.060721758753061295,0.0,0.0,0.0,0.998062014579773,0.998062014579773,0.12144351750612259,0.060721758753061295,0.060721758753061295,0.0,0.0,0.0,0.998062014579773,0.998062014579773,0.6901451945304871,0.34507259726524353,0.34507259726524353,0.0,0.0,0.0,0.8669655919075012,0.8669655919075012,0.6901451945304871,0.34507259726524353,0.34507259726524353,0.0,0.0,0.0,0.8669655919075012,0.8669655919075012
exp,adni,/home/mmorelan/proj/brain/dementia/yml/orig/client-3d-raw.yml,/home/brandon/projects/dementia/exp/adni/csvs/2021-12-29_12-32-16_PST_hyper.csv,ae,conv,conv,conv,1,conv,6,4,1.5,"[3, 3, 3]","[2, 2, 2]",2,4,rnc,bnorm,leaky,softmax,32,True,2,1,0,0,1,1,"186,305",,encoder_classifier,1,sce,dice,0,1,9,2000,100,1,0.0001,0.25,0.97,5,"['checkpoint', 'lr_scheduler', 'tensorboard', 'hparams']",/home/brandon/projects/dementia/exp/adni/logs/2021-12-29_12-32-16_PST/5,0 days 01:00:14,2,10.6990327835083,0.666979193687439,0.569165050983429,9.46288776397705,10.139570236206055,9.151803016662598,0.5899999737739563,0.7287499904632568,9.851966857910156,0.5571752190589905,0.5910836458206177,8.703707695007324,11.371891021728516,10.393603324890137,0.75,0.6974999904632568,9.999999747378752e-05,2.0,10.6990327835083,0.666979193687439,0.569165050983429,9.46288776397705,10.139570236206055,9.151803016662598,0.5899999737739563,0.7287499904632568,9.851966857910156,0.5571752190589905,0.5910836458206177,8.703707695007324,11.371891021728516,10.393603324890137,0.75,0.6974999904632568,9.999999747378752e-05,0.10895383358001709,0.054476916790008545,0.054476916790008545,1.6074725950771668e-22,1.1622210408252455e-23,3.385669520629179e-24,0.9975775480270386,0.9975775480270386,0.10895383358001709,0.054476916790008545,0.054476916790008545,1.6074725950771668e-22,1.1622210408252455e-23,3.385669520629179e-24,0.9975775480270386,0.9975775480270386,0.6540989279747009,0.32704946398735046,0.32704946398735046,1.75514369621994e-22,0.0,0.0,0.8863976001739502,0.8863976001739502,0.6540989279747009,0.32704946398735046,0.32704946398735046,1.75514369621994e-22,0.0,0.0,0.8863976001739502,0.8863976001739502
exp,adni,/home/mmorelan/proj/brain/dementia/yml/orig/client-3d-raw.yml,/home/brandon/projects/dementia/exp/adni/csvs/2021-12-29_12-32-16_PST_hyper.csv,ae,conv,conv,aspp,1,conv,6,4,1.5,"[3, 3, 3]","[2, 2, 2]",2,4,rnc,bnorm,leaky,softmax,32,False,4,1,0,0,1,1,"186,305",,encoder_classifier,1,sce,dice,0,1,9,2000,100,1,0.0001,0.25,0.97,5,"['checkpoint', 'lr_scheduler', 'tensorboard', 'hparams']",/home/brandon/projects/dementia/exp/adni/logs/2021-12-29_12-32-16_PST/11,0 days 01:00:35,17,1.1219571828842163,0.4487902522087097,0.14566677808761597,0.5274999737739563,341935.8125,5683.74560546875,1.0,0.9737499952316284,1.2167750597000122,0.2933073341846466,0.4309678375720978,0.4924999475479126,4173337.5,4030.114990234375,0.8600000143051147,0.8262500166893005,8.079828694462776e-05,17.0,1.1219571828842163,0.4487902522087097,0.14566677808761597,0.5274999737739563,341935.8125,5683.74560546875,1.0,0.9737499952316284,1.2167750597000122,0.2933073341846466,0.4309678375720978,0.4924999475479126,4173337.5,4030.114990234375,0.8600000143051147,0.8262500166893005,8.079828694462776e-05,0.1129082590341568,0.0564541295170784,0.0564541295170784,0.0,0.0,0.0,0.9985465407371521,0.9985465407371521,0.1129082590341568,0.0564541295170784,0.0564541295170784,0.0,0.0,0.0,0.9985465407371521,0.9985465407371521,0.7083114385604858,0.3541557192802429,0.3541557192802429,0.0,0.0,0.0,0.8565022349357605,0.8565022349357605,0.7083114385604858,0.3541557192802429,0.3541557192802429,0.0,0.0,0.0,0.8565022349357605,0.8565022349357605
exp,adni,/home/mmorelan/proj/brain/dementia/yml/orig/client-3d-raw.yml,/home/brandon/projects/dementia/exp/adni/csvs/2021-12-29_12-32-16_PST_hyper.csv,ae,conv,conv,conv,1,conv,6,4,1.5,"[3, 3, 3]","[2, 2, 2]",2,4,rnc,bnorm,leaky,softmax,32,False,1,1,0,0,1,1,"186,305",,encoder_classifier,1,sce,dice,0,1,9,2000,100,1,0.0001,0.25,0.97,5,"['checkpoint', 'lr_scheduler', 'tensorboard', 'hparams']",/home/brandon/projects/dementia/exp/adni/logs/2021-12-29_12-32-16_PST/0,0 days 01:01:13,11,1.2439773082733154,0.5529592633247375,0.1960182636976242,0.4950000047683716,9.059381484985352,3.613896131515503,0.9599999785423279,0.9737499952316284,1.2705107927322388,0.37064269185066223,0.41236796975135803,0.48750001192092896,16.434267044067383,3.7694363594055176,0.8399999737739563,0.8399999737739563,9.699999645818025e-05,11.0,1.2439773082733154,0.5529592633247375,0.1960182636976242,0.4950000047683716,9.059381484985352,3.613896131515503,0.9599999785423279,0.9737499952316284,1.2705107927322388,0.37064269185066223,0.41236796975135803,0.48750001192092896,16.434267044067383,3.7694363594055176,0.8399999737739563,0.8399999737739563,9.699999645818025e-05,0.10344026982784271,0.051720134913921356,0.051720134913921356,2.6837921296397286e-15,4.709976003172045e-17,2.2376588837041535e-17,0.9990310072898865,0.9990310072898865,0.10344026982784271,0.051720134913921356,0.051720134913921356,2.6837921296397286e-15,4.709976003172045e-17,2.2376588837041535e-17,0.9990310072898865,0.9990310072898865,0.6602054834365845,0.33010274171829224,0.33010274171829224,2.7041357434504087e-15,0.0,0.0,0.8699551820755005,0.8699551820755005,0.6602054834365845,0.33010274171829224,0.33010274171829224,2.7041357434504087e-15,0.0,0.0,0.8699551820755005,0.8699551820755005
exp,adni,/home/mmorelan/proj/brain/dementia/yml/orig/client-3d-raw.yml,/home/brandon/projects/dementia/exp/adni/csvs/2021-12-29_12-32-16_PST_hyper.csv,ae,conv,conv,conv,1,conv,6,4,1.5,"[3, 3, 3]","[2, 2, 2]",2,4,rnc,bnorm,leaky,softmax,32,False,4,1,0,0,1,1,"186,305",,encoder_classifier,1,sce,dice,0,1,9,2000,100,1,0.0001,0.25,0.97,5,"['checkpoint', 'lr_scheduler', 'tensorboard', 'hparams']",/home/brandon/projects/dementia/exp/adni/logs/2021-12-29_12-32-16_PST/3,0 days 01:01:05,17,1.1212050914764404,0.4513252377510071,0.1423799991607666,0.5274999737739563,338218.875,5578.17626953125,1.0,0.9762499928474426,1.2117198705673218,0.2779020071029663,0.44131794571876526,0.4924999475479126,4585387.5,4531.0048828125,0.8899999856948853,0.831250011920929,8.079828694462776e-05,17.0,1.1212050914764404,0.4513252377510071,0.1423799991607666,0.5274999737739563,338218.875,5578.17626953125,1.0,0.9762499928474426,1.2117198705673218,0.2779020071029663,0.44131794571876526,0.4924999475479126,4585387.5,4531.0048828125,0.8899999856948853,0.831250011920929,8.079828694462776e-05,0.10127720236778259,0.050638601183891296,0.050638601183891296,0.0,0.0,0.0,0.9985465407371521,0.9985465407371521,0.10127720236778259,0.050638601183891296,0.050638601183891296,0.0,0.0,0.0,0.9985465407371521,0.9985465407371521,0.6206203699111938,0.3103101849555969,0.3103101849555969,0.0,0.0,0.0,0.8804185390472412,0.8804185390472412,0.6206203699111938,0.3103101849555969,0.3103101849555969,0.0,0.0,0.0,0.8804185390472412,0.8804185390472412
exp,adni,/home/mmorelan/proj/brain/dementia/yml/orig/client-3d-raw.yml,/home/brandon/projects/dementia/exp/adni/csvs/2021-12-29_12-32-16_PST_hyper.csv,ae,conv,conv,conv,1,conv,6,4,1.5,"[3, 3, 3]","[2, 2, 2]",2,4,rnc,bnorm,leaky,softmax,32,True,3,1,0,0,1,1,"186,305",,encoder_classifier,1,sce,dice,0,1,9,2000,100,1,0.0001,0.25,0.97,5,"['checkpoint', 'lr_scheduler', 'tensorboard', 'hparams']",/home/brandon/projects/dementia/exp/adni/logs/2021-12-29_12-32-16_PST/6,0 days 01:01:08,2,10.73902702331543,0.6681997179985046,0.5727460384368896,9.498083114624023,10.13420295715332,9.720782279968262,0.5899999737739563,0.7287499904632568,9.907957077026367,0.5771710276603699,0.6071330904960632,8.723654747009277,11.371891021728516,9.69428539276123,0.6299999952316284,0.65625,9.999999747378752e-05,2.0,10.73902702331543,0.6681997179985046,0.5727460384368896,9.498083114624023,10.13420295715332,9.720782279968262,0.5899999737739563,0.7287499904632568,9.907957077026367,0.5771710276603699,0.6071330904960632,8.723654747009277,11.371891021728516,9.69428539276123,0.6299999952316284,0.65625,9.999999747378752e-05,0.10626821964979172,0.05313410982489586,0.05313410982489586,1.8600769829106677e-29,1.6417285273256536e-28,6.641817677626277e-30,0.998062014579773,0.998062014579773,0.10626821964979172,0.05313410982489586,0.05313410982489586,1.8600769829106677e-29,1.6417285273256536e-28,6.641817677626277e-30,0.998062014579773,0.998062014579773,0.6533845663070679,0.32669228315353394,0.32669228315353394,2.022462518488062e-29,0.0,0.0,0.8819133043289185,0.8819133043289185,0.6533845663070679,0.32669228315353394,0.32669228315353394,2.022462518488062e-29,0.0,0.0,0.8819133043289185,0.8819133043289185
exp,adni,/home/mmorelan/proj/brain/dementia/yml/orig/client-3d-raw.yml,/home/brandon/projects/dementia/exp/adni/csvs/2021-12-29_12-32-16_PST_hyper.csv,ae,conv,conv,conv,1,conv,6,4,1.5,"[3, 3, 3]","[2, 2, 2]",2,4,rnc,bnorm,leaky,softmax,32,True,1,1,0,0,1,1,"186,305",,encoder_classifier,1,sce,dice,0,1,9,2000,100,1,0.0001,0.25,0.97,5,"['checkpoint', 'lr_scheduler', 'tensorboard', 'hparams']",/home/brandon/projects/dementia/exp/adni/logs/2021-12-29_12-32-16_PST/4,0 days 01:01:13,2,10.727469444274902,0.667888343334198,0.5650250911712646,9.494556427001953,10.139047622680664,9.433755874633789,0.5899999737739563,0.7287499904632568,9.883319854736328,0.5820213556289673,0.6026501059532166,8.698651313781738,11.371891021728516,9.209760665893555,0.6100000143051147,0.6399999856948853,9.999999747378752e-05,2.0,10.727469444274902,0.667888343334198,0.5650250911712646,9.494556427001953,10.139047622680664,9.433755874633789,0.5899999737739563,0.7287499904632568,9.883319854736328,0.5820213556289673,0.6026501059532166,8.698651313781738,11.371891021728516,9.209760665893555,0.6100000143051147,0.6399999856948853,9.999999747378752e-05,0.1008865013718605,0.05044325068593025,0.05044325068593025,1.743187029185772e-15,1.52722521931788e-17,1.460551153223656e-17,0.9985465407371521,0.9985465407371521,0.1008865013718605,0.05044325068593025,0.05044325068593025,1.743187029185772e-15,1.52722521931788e-17,1.460551153223656e-17,0.9985465407371521,0.9985465407371521,0.6345680356025696,0.3172840178012848,0.3172840178012848,1.866189130379542e-15,0.0,0.0,0.878923773765564,0.878923773765564,0.6345680356025696,0.3172840178012848,0.3172840178012848,1.866189130379542e-15,0.0,0.0,0.878923773765564,0.878923773765564
exp,adni,/home/mmorelan/proj/brain/dementia/yml/orig/client-3d-raw.yml,/home/brandon/projects/dementia/exp/adni/csvs/2021-12-29_12-32-16_PST_hyper.csv,ae,conv,conv,aspp,1,conv,6,4,1.5,"[3, 3, 3]","[2, 2, 2]",2,4,rnc,bnorm,leaky,softmax,32,False,1,1,0,0,1,1,"186,305",,encoder_classifier,1,sce,dice,0,1,9,2000,100,1,0.0001,0.25,0.97,5,"['checkpoint', 'lr_scheduler', 'tensorboard', 'hparams']",/home/brandon/projects/dementia/exp/adni/logs/2021-12-29_12-32-16_PST/8,0 days 01:01:15,17,1.1243935823440552,0.4510820508003235,0.14581173658370972,0.5274999737739563,13.313281059265137,4.859902858734131,1.0,0.9737499952316284,1.2304459810256958,0.291368693113327,0.4465771019458771,0.4925000071525574,19.06304168701172,4.59235954284668,0.8500000238418579,0.8212500214576721,8.079828694462776e-05,17.0,1.1243935823440552,0.4510820508003235,0.14581173658370972,0.5274999737739563,13.313281059265137,4.859902858734131,1.0,0.9737499952316284,1.2304459810256958,0.291368693113327,0.4465771019458771,0.4925000071525574,19.06304168701172,4.59235954284668,0.8500000238418579,0.8212500214576721,8.079828694462776e-05,0.10500340163707733,0.052501700818538666,0.052501700818538666,2.659475719548189e-15,1.3676074852359726e-16,2.2376588837041535e-17,0.9985465407371521,0.9985465407371521,0.10500340163707733,0.052501700818538666,0.052501700818538666,2.659475719548189e-15,1.3676074852359726e-16,2.2376588837041535e-17,0.9985465407371521,0.9985465407371521,0.6033236980438232,0.3016618490219116,0.3016618490219116,2.8563350703360345e-15,0.0,0.0,0.8774290084838867,0.8774290084838867,0.6033236980438232,0.3016618490219116,0.3016618490219116,2.8563350703360345e-15,0.0,0.0,0.8774290084838867,0.8774290084838867
exp,adni,/home/mmorelan/proj/brain/dementia/yml/orig/client-3d-raw.yml,/home/brandon/projects/dementia/exp/adni/csvs/2021-12-29_12-32-16_PST_hyper.csv,ae,conv,conv,aspp,1,conv,6,4,1.5,"[3, 3, 3]","[2, 2, 2]",2,4,rnc,bnorm,leaky,softmax,32,True,2,1,0,0,1,1,"186,305",,encoder_classifier,1,sce,dice,0,1,9,2000,100,1,0.0001,0.25,0.97,5,"['checkpoint', 'lr_scheduler', 'tensorboard', 'hparams']",/home/brandon/projects/dementia/exp/adni/logs/2021-12-29_12-32-16_PST/13,0 days 01:01:22,2,10.740246772766113,0.6685819029808044,0.5722699165344238,9.49939250946045,10.128600120544434,9.142084121704102,0.5899999737739563,0.7212499976158142,9.932860374450684,0.5907213687896729,0.6191850900650024,8.722956657409668,11.371891021728516,10.376228332519531,0.6399999856948853,0.6487500071525574,9.999999747378752e-05,2.0,10.740246772766113,0.6685819029808044,0.5722699165344238,9.49939250946045,10.128600120544434,9.142084121704102,0.5899999737739563,0.7212499976158142,9.932860374450684,0.5907213687896729,0.6191850900650024,8.722956657409668,11.371891021728516,10.376228332519531,0.6399999856948853,0.6487500071525574,9.999999747378752e-05,0.1041475310921669,0.05207376554608345,0.05207376554608345,1.6642170639292694e-22,1.6825196466723556e-22,2.1545169856017706e-24,0.9985465407371521,0.9985465407371521,0.1041475310921669,0.05207376554608345,0.05207376554608345,1.6642170639292694e-22,1.6825196466723556e-22,2.1545169856017706e-24,0.9985465407371521,0.9985465407371521,0.6305306553840637,0.31526532769203186,0.31526532769203186,1.748368075241688e-22,0.0,0.0,0.8804185390472412,0.8804185390472412,0.6305306553840637,0.31526532769203186,0.31526532769203186,1.748368075241688e-22,0.0,0.0,0.8804185390472412,0.8804185390472412
exp,adni,/home/mmorelan/proj/brain/dementia/yml/orig/client-3d-raw.yml,/home/brandon/projects/dementia/exp/adni/csvs/2021-12-29_12-32-16_PST_hyper.csv,ae,conv,conv,conv,1,conv,6,4,1.5,"[3, 3, 3]","[2, 2, 2]",2,4,rnc,bnorm,leaky,softmax,32,False,3,1,0,0,1,1,"186,305",,encoder_classifier,1,sce,dice,0,1,9,2000,100,1,0.0001,0.25,0.97,5,"['checkpoint', 'lr_scheduler', 'tensorboard', 'hparams']",/home/brandon/projects/dementia/exp/adni/logs/2021-12-29_12-32-16_PST/2,0 days 01:01:25,11,1.2483246326446533,0.554989218711853,0.19833531975746155,0.4950000047683716,3040.0283203125,191.09246826171875,0.9800000190734863,0.9775000214576721,1.2305291891098022,0.35676810145378113,0.38626110553741455,0.4874999523162842,39768.75,244.66062927246094,0.8500000238418579,0.8512499928474426,9.699999645818025e-05,11.0,1.2483246326446533,0.554989218711853,0.19833531975746155,0.4950000047683716,3040.0283203125,191.09246826171875,0.9800000190734863,0.9775000214576721,1.2305291891098022,0.35676810145378113,0.38626110553741455,0.4874999523162842,39768.75,244.66062927246094,0.8500000238418579,0.8512499928474426,9.699999645818025e-05,0.10468539595603943,0.052342697978019714,0.052342697978019714,0.0,0.0,0.0,0.9985465407371521,0.9985465407371521,0.10468539595603943,0.052342697978019714,0.052342697978019714,0.0,0.0,0.0,0.9985465407371521,0.9985465407371521,0.625997006893158,0.312998503446579,0.312998503446579,0.0,0.0,0.0,0.8804185390472412,0.8804185390472412,0.625997006893158,0.312998503446579,0.312998503446579,0.0,0.0,0.0,0.8804185390472412,0.8804185390472412
exp,adni,/home/mmorelan/proj/brain/dementia/yml/orig/client-3d-raw.yml,/home/brandon/projects/dementia/exp/adni/csvs/2021-12-29_12-32-16_PST_hyper.csv,ae,conv,conv,aspp,1,conv,6,4,1.5,"[3, 3, 3]","[2, 2, 2]",2,4,rnc,bnorm,leaky,softmax,32,True,1,1,0,0,1,1,"186,305",,encoder_classifier,1,sce,dice,0,1,9,2000,100,1,0.0001,0.25,0.97,5,"['checkpoint', 'lr_scheduler', 'tensorboard', 'hparams']",/home/brandon/projects/dementia/exp/adni/logs/2021-12-29_12-32-16_PST/12,0 days 01:01:46,2,10.746949195861816,0.6678869724273682,0.5710932016372681,9.507965087890625,10.146462440490723,9.365180015563965,0.5899999737739563,0.7262499928474426,9.832745552062988,0.5615454912185669,0.5867922306060791,8.68441104888916,11.371891021728516,10.093734741210938,0.6800000071525574,0.6737499833106995,9.999999747378752e-05,2.0,10.746949195861816,0.6678869724273682,0.5710932016372681,9.507965087890625,10.146462440490723,9.365180015563965,0.5899999737739563,0.7262499928474426,9.832745552062988,0.5615454912185669,0.5867922306060791,8.68441104888916,11.371891021728516,10.093734741210938,0.6800000071525574,0.6737499833106995,9.999999747378752e-05,0.12339125573635101,0.06169562786817551,0.06169562786817551,1.7889958415227055e-15,1.670234159316458e-17,1.549148648836863e-17,0.9975775480270386,0.9975775480270386,0.12339125573635101,0.06169562786817551,0.06169562786817551,1.7889958415227055e-15,1.670234159316458e-17,1.549148648836863e-17,0.9975775480270386,0.9975775480270386,0.6920328140258789,0.34601640701293945,0.34601640701293945,1.9002197378266677e-15,0.0,0.0,0.859491765499115,0.859491765499115,0.6920328140258789,0.34601640701293945,0.34601640701293945,1.9002197378266677e-15,0.0,0.0,0.859491765499115,0.859491765499115
exp,adni,/home/mmorelan/proj/brain/dementia/yml/orig/client-3d-raw.yml,/home/brandon/projects/dementia/exp/adni/csvs/2021-12-29_12-32-16_PST_hyper.csv,ae,conv,conv,conv,1,conv,6,4,1.5,"[3, 3, 3]","[2, 2, 2]",2,4,rnc,bnorm,leaky,softmax,32,False,2,1,0,0,1,1,"186,305",,encoder_classifier,1,sce,dice,0,1,9,2000,100,1,0.0001,0.25,0.97,5,"['checkpoint', 'lr_scheduler', 'tensorboard', 'hparams']",/home/brandon/projects/dementia/exp/adni/logs/2021-12-29_12-32-16_PST/1,0 days 01:02:05,17,1.117215633392334,0.4507840871810913,0.13893160223960876,0.5274999737739563,389.5548400878906,50.6876106262207,0.9900000095367432,0.9787499904632568,1.2318203449249268,0.2856391966342926,0.4536812901496887,0.4925000071525574,983.7659912109375,43.3388671875,0.8999999761581421,0.8212500214576721,8.079828694462776e-05,17.0,1.117215633392334,0.4507840871810913,0.13893160223960876,0.5274999737739563,389.5548400878906,50.6876106262207,0.9900000095367432,0.9787499904632568,1.2318203449249268,0.2856391966342926,0.4536812901496887,0.4925000071525574,983.7659912109375,43.3388671875,0.8999999761581421,0.8212500214576721,8.079828694462776e-05,0.10081057250499725,0.05040528625249863,0.05040528625249863,3.9278640056907297e-29,2.686848314454173e-29,1.5654914029787801e-30,0.9985465407371521,0.9985465407371521,0.10081057250499725,0.05040528625249863,0.05040528625249863,3.9278640056907297e-29,2.686848314454173e-29,1.5654914029787801e-30,0.9985465407371521,0.9985465407371521,0.6569412350654602,0.3284706175327301,0.3284706175327301,3.63101530761091e-29,0.0,0.0,0.8834080696105957,0.8834080696105957,0.6569412350654602,0.3284706175327301,0.3284706175327301,3.63101530761091e-29,0.0,0.0,0.8834080696105957,0.8834080696105957
exp,adni,/home/mmorelan/proj/brain/dementia/yml/orig/client-3d-raw.yml,/home/brandon/projects/dementia/exp/adni/csvs/2021-12-29_12-32-16_PST_hyper.csv,ae,conv,conv,aspp,1,conv,6,4,1.5,"[3, 3, 3]","[2, 2, 2]",2,4,rnc,bnorm,leaky,softmax,32,False,2,1,0,0,1,1,"186,305",,encoder_classifier,1,sce,dice,0,1,9,2000,100,1,0.0001,0.25,0.97,5,"['checkpoint', 'lr_scheduler', 'tensorboard', 'hparams']",/home/brandon/projects/dementia/exp/adni/logs/2021-12-29_12-32-16_PST/9,0 days 01:02:00,17,1.118404746055603,0.44632869958877563,0.14457598328590393,0.5274999737739563,396.54083251953125,51.580692291259766,1.0,0.9725000262260437,1.215653419494629,0.29261502623558044,0.430538535118103,0.4925000071525574,981.8036499023438,43.025814056396484,0.8700000047683716,0.8174999952316284,8.079828694462776e-05,17.0,1.118404746055603,0.44632869958877563,0.14457598328590393,0.5274999737739563,396.54083251953125,51.580692291259766,1.0,0.9725000262260437,1.215653419494629,0.29261502623558044,0.430538535118103,0.4925000071525574,981.8036499023438,43.025814056396484,0.8700000047683716,0.8174999952316284,8.079828694462776e-05,0.10540521889925003,0.052702609449625015,0.052702609449625015,4.0292946108446525e-29,8.737228516724108e-31,6.115200910435295e-31,0.9985465407371521,0.9985465407371521,0.10540521889925003,0.052702609449625015,0.052702609449625015,4.0292946108446525e-29,8.737228516724108e-31,6.115200910435295e-31,0.9985465407371521,0.9985465407371521,0.6392728090286255,0.31963640451431274,0.31963640451431274,3.7953576181044574e-29,0.0,0.0,0.8714499473571777,0.8714499473571777,0.6392728090286255,0.31963640451431274,0.31963640451431274,3.7953576181044574e-29,0.0,0.0,0.8714499473571777,0.8714499473571777
exp,adni,/home/mmorelan/proj/brain/dementia/yml/orig/client-3d-raw.yml,/home/brandon/projects/dementia/exp/adni/csvs/2021-12-29_12-32-16_PST_hyper.csv,ae,conv,conv,aspp,1,conv,6,4,1.5,"[3, 3, 3]","[2, 2, 2]",2,4,rnc,bnorm,leaky,softmax,32,True,4,1,0,0,1,1,"186,305",,encoder_classifier,1,sce,dice,0,1,9,2000,100,1,0.0001,0.25,0.97,5,"['checkpoint', 'lr_scheduler', 'tensorboard', 'hparams']",/home/brandon/projects/dementia/exp/adni/logs/2021-12-29_12-32-16_PST/15,0 days 01:02:06,2,10.733860969543457,0.6684074401855469,0.5670840740203857,9.498369216918945,10.132237434387207,9.324006080627441,0.5899999737739563,0.7337499856948853,9.876988410949707,0.5621123909950256,0.5910955667495728,8.723780632019043,11.371891021728516,9.732624053955078,0.6800000071525574,0.675000011920929,9.999999747378752e-05,2.0,10.733860969543457,0.6684074401855469,0.5670840740203857,9.498369216918945,10.132237434387207,9.324006080627441,0.5899999737739563,0.7337499856948853,9.876988410949707,0.5621123909950256,0.5910955667495728,8.723780632019043,11.371891021728516,9.732624053955078,0.6800000071525574,0.675000011920929,9.999999747378752e-05,0.10325683653354645,0.051628418266773224,0.051628418266773224,2.2897955895825657e-36,8.813447974507609e-35,1.8224714695936662e-38,0.9990310072898865,0.9990310072898865,0.10325683653354645,0.051628418266773224,0.051628418266773224,2.2897955895825657e-36,8.813447974507609e-35,1.8224714695936662e-38,0.9990310072898865,0.9990310072898865,0.6574023962020874,0.3287011981010437,0.3287011981010437,2.4460056161528676e-36,0.0,0.0,0.8684604167938232,0.8684604167938232,0.6574023962020874,0.3287011981010437,0.3287011981010437,2.4460056161528676e-36,0.0,0.0,0.8684604167938232,0.8684604167938232
exp,adni,/home/mmorelan/proj/brain/dementia/yml/orig/client-3d-raw.yml,/home/brandon/projects/dementia/exp/adni/csvs/2021-12-29_12-32-16_PST_hyper.csv,ae,conv,conv,conv,1,conv,6,4,1.5,"[3, 3, 3]","[2, 2, 2]",2,4,rnc,bnorm,leaky,softmax,32,True,4,1,0,0,1,1,"186,305",,encoder_classifier,1,sce,dice,0,1,9,2000,100,1,0.0001,0.25,0.97,5,"['checkpoint', 'lr_scheduler', 'tensorboard', 'hparams']",/home/brandon/projects/dementia/exp/adni/logs/2021-12-29_12-32-16_PST/7,0 days 01:03:02,2,10.740923881530762,0.6685240864753723,0.5677873492240906,9.504611015319824,10.125048637390137,9.083858489990234,0.5899999737739563,0.7237499952316284,9.827014923095703,0.5532380938529968,0.5827488899230957,8.691028594970703,11.371891021728516,9.820721626281738,0.6899999976158142,0.6949999928474426,9.999999747378752e-05,2.0,10.740923881530762,0.6685240864753723,0.5677873492240906,9.504611015319824,10.125048637390137,9.083858489990234,0.5899999737739563,0.7237499952316284,9.827014923095703,0.5532380938529968,0.5827488899230957,8.691028594970703,11.371891021728516,9.820721626281738,0.6899999976158142,0.6949999928474426,9.999999747378752e-05,0.10588482767343521,0.052942413836717606,0.052942413836717606,2.4283419911711358e-36,8.35945249095457e-37,8.037100034298833e-37,0.9985465407371521,0.9985465407371521,0.10588482767343521,0.052942413836717606,0.052942413836717606,2.4283419911711358e-36,8.35945249095457e-37,8.037100034298833e-37,0.9985465407371521,0.9985465407371521,0.607420027256012,0.303710013628006,0.303710013628006,2.4256430679080708e-36,0.0,0.0,0.8819133043289185,0.8819133043289185,0.607420027256012,0.303710013628006,0.303710013628006,2.4256430679080708e-36,0.0,0.0,0.8819133043289185,0.8819133043289185
exp,adni,/home/mmorelan/proj/brain/dementia/yml/orig/client-3d-raw.yml,/home/brandon/projects/dementia/exp/adni/csvs/2021-12-29_12-32-16_PST_hyper.csv,ae,conv,conv,aspp,1,conv,6,4,1.5,"[3, 3, 3]","[2, 2, 2]",2,4,rnc,bnorm,leaky,softmax,32,True,3,1,0,0,1,1,"186,305",,encoder_classifier,1,sce,dice,0,1,9,2000,100,1,0.0001,0.25,0.97,5,"['checkpoint', 'lr_scheduler', 'tensorboard', 'hparams']",/home/brandon/projects/dementia/exp/adni/logs/2021-12-29_12-32-16_PST/14,0 days 01:05:05,2,10.743797302246094,0.6668080687522888,0.5741667747497559,9.502825736999512,10.126197814941406,9.014132499694824,0.5899999737739563,0.7237499952316284,9.904715538024902,0.5815805196762085,0.6095747351646423,8.713557243347168,11.371891021728516,9.836963653564453,0.6100000143051147,0.6474999785423279,9.999999747378752e-05,2.0,10.743797302246094,0.6668080687522888,0.5741667747497559,9.502825736999512,10.126197814941406,9.014132499694824,0.5899999737739563,0.7237499952316284,9.904715538024902,0.5815805196762085,0.6095747351646423,8.713557243347168,11.371891021728516,9.836963653564453,0.6100000143051147,0.6474999785423279,9.999999747378752e-05,0.1113387867808342,0.0556693933904171,0.0556693933904171,1.8959119187915303e-29,1.6433932530213333e-28,1.3673988582197345e-31,0.996608555316925,0.996608555316925,0.1113387867808342,0.0556693933904171,0.0556693933904171,1.8959119187915303e-29,1.6433932530213333e-28,1.3673988582197345e-31,0.996608555316925,0.996608555316925,0.6678721904754639,0.33393609523773193,0.33393609523773193,1.9097232439052173e-29,0.0,0.0,0.8669655919075012,0.8669655919075012,0.6678721904754639,0.33393609523773193,0.33393609523773193,1.9097232439052173e-29,0.0,0.0,0.8669655919075012,0.8669655919075012
